sample,readsNums,Name,Experiment,Alpha,value
S23,3088,S23,S23,Shannon,2.51765609983087
S23,6176,S23,S23,Shannon,2.52389544296307
S23,9264,S23,S23,Shannon,2.51449061276717
S23,12352,S23,S23,Shannon,2.52347575359999
S23,15440,S23,S23,Shannon,2.5309895417832
S23,18528,S23,S23,Shannon,2.53393341923959
S23,21616,S23,S23,Shannon,2.53508164951354
S23,24704,S23,S23,Shannon,2.53408569623377
S23,27792,S23,S23,Shannon,2.53530115408317
S23,30880,S23,S23,Shannon,2.53094096870713
S23,33968,S23,S23,Shannon,2.53373872138667
S23,37056,S23,S23,Shannon,2.53711582936525
S23,40144,S23,S23,Shannon,2.53531934354282
S23,43232,S23,S23,Shannon,2.53502988937244
S23,46320,S23,S23,Shannon,2.53369867720396
S23,49408,S23,S23,Shannon,2.53333265437712
S23,52496,S23,S23,Shannon,2.53418741038628
S23,55584,S23,S23,Shannon,2.53509422090735
S23,58672,S23,S23,Shannon,2.53624754048435
S23,61760,S23,S23,Shannon,2.53737149541085
S23,64848,S23,S23,Shannon,2.53734086769307
S23,67936,S23,S23,Shannon,2.53732170273654
S23,71024,S23,S23,Shannon,2.53509928871939
S23,74112,S23,S23,Shannon,2.53411909877831
S23,77200,S23,S23,Shannon,2.53575814485989
S23,80288,S23,S23,Shannon,2.53487598175782
S23,83376,S23,S23,Shannon,2.53503460341256
S23,86464,S23,S23,Shannon,2.53427231180868
S23,89552,S23,S23,Shannon,2.53261698530694
S23,92640,S23,S23,Shannon,2.5317827393485
S23,95728,S23,S23,Shannon,2.53197932422684
S23,98816,S23,S23,Shannon,2.53150577952843
S23,101904,S23,S23,Shannon,2.53242113067172
S23,104992,S23,S23,Shannon,2.53208043022654
S23,108080,S23,S23,Shannon,2.53210705836587
S23,111168,S23,S23,Shannon,2.53212171379516
S23,114256,S23,S23,Shannon,2.53151263666317
S23,117344,S23,S23,Shannon,2.53217988759082
S23,120432,S23,S23,Shannon,2.53244090739851
S23,123520,S23,S23,Shannon,2.5335692381046
S23,126608,S23,S23,Shannon,2.53393896869539
S23,129696,S23,S23,Shannon,2.53350848208198
S23,132784,S23,S23,Shannon,2.53380454530087
S23,135872,S23,S23,Shannon,2.53418609995422
S23,138960,S23,S23,Shannon,2.53406338742292
S23,142048,S23,S23,Shannon,2.5331490063051
S23,145136,S23,S23,Shannon,2.53341488251079
S23,148224,S23,S23,Shannon,2.53306341468992
S23,151312,S23,S23,Shannon,2.5335629816744
S23,154400,S23,S23,Shannon,2.53336389595599
S23,154400,S23,S23,Shannon,2.53336389595599
S24,3088,S24,S24,Shannon,3.48538454743827
S24,6176,S24,S24,Shannon,3.48202356278795
S24,9264,S24,S24,Shannon,3.49349485651338
S24,12352,S24,S24,Shannon,3.49902141100232
S24,15440,S24,S24,Shannon,3.50303071417411
S24,18528,S24,S24,Shannon,3.5076293895405
S24,21616,S24,S24,Shannon,3.50467453272994
S24,24704,S24,S24,Shannon,3.50562173147986
S24,27792,S24,S24,Shannon,3.50579060111302
S24,30880,S24,S24,Shannon,3.49920623132443
S24,33968,S24,S24,Shannon,3.49735093853639
S24,37056,S24,S24,Shannon,3.49742385372498
S24,40144,S24,S24,Shannon,3.49567924613319
S24,43232,S24,S24,Shannon,3.49474057963301
S24,46320,S24,S24,Shannon,3.49437066935203
S24,49408,S24,S24,Shannon,3.49393326550234
S24,52496,S24,S24,Shannon,3.49311384453172
S24,55584,S24,S24,Shannon,3.49477359065097
S24,58672,S24,S24,Shannon,3.49549895589732
S24,61760,S24,S24,Shannon,3.4970915141881
S24,64848,S24,S24,Shannon,3.4967257852663
S24,67936,S24,S24,Shannon,3.49603739159093
S24,71024,S24,S24,Shannon,3.49471767722716
S24,74112,S24,S24,Shannon,3.4973055773545
S24,77200,S24,S24,Shannon,3.49616069514985
S24,80288,S24,S24,Shannon,3.49527393988351
S24,83376,S24,S24,Shannon,3.49528951030483
S24,86464,S24,S24,Shannon,3.49570413839405
S24,89552,S24,S24,Shannon,3.49576490651273
S24,92640,S24,S24,Shannon,3.49512034032725
S24,95728,S24,S24,Shannon,3.49503905377488
S24,98816,S24,S24,Shannon,3.49485447238268
S24,101904,S24,S24,Shannon,3.49480648376162
S24,104992,S24,S24,Shannon,3.49369943665546
S24,108080,S24,S24,Shannon,3.4934100156276
S24,111168,S24,S24,Shannon,3.49295800573792
S24,114256,S24,S24,Shannon,3.49340071507025
S24,117344,S24,S24,Shannon,3.49378946046854
S24,120432,S24,S24,Shannon,3.49364627226413
S24,123520,S24,S24,Shannon,3.49381685355219
S24,126608,S24,S24,Shannon,3.49342517770102
S24,129696,S24,S24,Shannon,3.49255068869277
S24,132784,S24,S24,Shannon,3.49292507817862
S24,135872,S24,S24,Shannon,3.49371163122246
S24,138960,S24,S24,Shannon,3.49409816933997
S24,142048,S24,S24,Shannon,3.49340434728258
S24,145136,S24,S24,Shannon,3.49339835722138
S24,148224,S24,S24,Shannon,3.49378550753378
S24,151312,S24,S24,Shannon,3.49413316316124
S24,154400,S24,S24,Shannon,3.49431694120342
S24,154400,S24,S24,Shannon,3.49431694120342
S25,3088,S25,S25,Shannon,2.71369565972313
S25,6176,S25,S25,Shannon,2.70879986060558
S25,9264,S25,S25,Shannon,2.72196620991867
S25,12352,S25,S25,Shannon,2.7257892030583
S25,15440,S25,S25,Shannon,2.73002992416391
S25,18528,S25,S25,Shannon,2.73523976441964
S25,21616,S25,S25,Shannon,2.73207332429554
S25,24704,S25,S25,Shannon,2.73209936341828
S25,27792,S25,S25,Shannon,2.73228236243973
S25,30880,S25,S25,Shannon,2.72464307172838
S25,33968,S25,S25,Shannon,2.72179221949938
S25,37056,S25,S25,Shannon,2.72172283253731
S25,40144,S25,S25,Shannon,2.71987449371943
S25,43232,S25,S25,Shannon,2.71843675858372
S25,46320,S25,S25,Shannon,2.71819753923602
S25,49408,S25,S25,Shannon,2.7180334531503
S25,52496,S25,S25,Shannon,2.71715993324394
S25,55584,S25,S25,Shannon,2.71873984348216
S25,58672,S25,S25,Shannon,2.71971175347377
S25,61760,S25,S25,Shannon,2.72171671838933
S25,64848,S25,S25,Shannon,2.7215499588728
S25,67936,S25,S25,Shannon,2.72022096261583
S25,71024,S25,S25,Shannon,2.71892980756782
S25,74112,S25,S25,Shannon,2.72151927114386
S25,77200,S25,S25,Shannon,2.72005843688423
S25,80288,S25,S25,Shannon,2.71910928579126
S25,83376,S25,S25,Shannon,2.71909971822977
S25,86464,S25,S25,Shannon,2.71947008008886
S25,89552,S25,S25,Shannon,2.71971186023466
S25,92640,S25,S25,Shannon,2.71905293950561
S25,95728,S25,S25,Shannon,2.71885532429148
S25,98816,S25,S25,Shannon,2.71868757027375
S25,101904,S25,S25,Shannon,2.71867308985489
S25,104992,S25,S25,Shannon,2.71750875271109
S25,108080,S25,S25,Shannon,2.71734111148142
S25,111168,S25,S25,Shannon,2.71693555065769
S25,114256,S25,S25,Shannon,2.71739584041241
S25,117344,S25,S25,Shannon,2.71771101493513
S25,120432,S25,S25,Shannon,2.71751372953327
S25,123520,S25,S25,Shannon,2.71753938491324
S25,126608,S25,S25,Shannon,2.71712487241043
S25,129696,S25,S25,Shannon,2.71627033416829
S25,132784,S25,S25,Shannon,2.71664501011749
S25,135872,S25,S25,Shannon,2.71730716630575
S25,138960,S25,S25,Shannon,2.71764879271402
S25,142048,S25,S25,Shannon,2.71695730180683
S25,145136,S25,S25,Shannon,2.71719731453534
S25,148224,S25,S25,Shannon,2.71762245718557
S25,151312,S25,S25,Shannon,2.71807442397083
S25,154400,S25,S25,Shannon,2.71816773665572
S25,154400,S25,S25,Shannon,2.71816773665572
S26,3088,S26,S26,Shannon,2.90653508937123
S26,6176,S26,S26,Shannon,2.90221642313251
S26,9264,S26,S26,Shannon,2.91992550406808
S26,12352,S26,S26,Shannon,2.92533728572363
S26,15440,S26,S26,Shannon,2.93096936187467
S26,18528,S26,S26,Shannon,2.93786767982395
S26,21616,S26,S26,Shannon,2.93488037934702
S26,24704,S26,S26,Shannon,2.93600954196609
S26,27792,S26,S26,Shannon,2.93593849305605
S26,30880,S26,S26,Shannon,2.92764003363786
S26,33968,S26,S26,Shannon,2.9252344820447
S26,37056,S26,S26,Shannon,2.92532882501644
S26,40144,S26,S26,Shannon,2.92345214867065
S26,43232,S26,S26,Shannon,2.92272965200768
S26,46320,S26,S26,Shannon,2.92236617780349
S26,49408,S26,S26,Shannon,2.92212414007817
S26,52496,S26,S26,Shannon,2.92103464201736
S26,55584,S26,S26,Shannon,2.92361876019788
S26,58672,S26,S26,Shannon,2.92473999964544
S26,61760,S26,S26,Shannon,2.92707767593012
S26,64848,S26,S26,Shannon,2.92670475295941
S26,67936,S26,S26,Shannon,2.92553659888401
S26,71024,S26,S26,Shannon,2.92423230321628
S26,74112,S26,S26,Shannon,2.92686462752851
S26,77200,S26,S26,Shannon,2.92548921258907
S26,80288,S26,S26,Shannon,2.92455068312658
S26,83376,S26,S26,Shannon,2.92470263388116
S26,86464,S26,S26,Shannon,2.92542397597582
S26,89552,S26,S26,Shannon,2.92590614575335
S26,92640,S26,S26,Shannon,2.9253827627429
S26,95728,S26,S26,Shannon,2.92525690263508
S26,98816,S26,S26,Shannon,2.92535816715019
S26,101904,S26,S26,Shannon,2.9253737345284
S26,104992,S26,S26,Shannon,2.9239847504492
S26,108080,S26,S26,Shannon,2.92367451796614
S26,111168,S26,S26,Shannon,2.9230243461451
S26,114256,S26,S26,Shannon,2.923564541953
S26,117344,S26,S26,Shannon,2.92378732374885
S26,120432,S26,S26,Shannon,2.92371292544391
S26,123520,S26,S26,Shannon,2.92381728304279
S26,126608,S26,S26,Shannon,2.9234040720353
S26,129696,S26,S26,Shannon,2.92243558435986
S26,132784,S26,S26,Shannon,2.92296623055043
S26,135872,S26,S26,Shannon,2.92390795192478
S26,138960,S26,S26,Shannon,2.92420425461674
S26,142048,S26,S26,Shannon,2.92354681655725
S26,145136,S26,S26,Shannon,2.92368073177609
S26,148224,S26,S26,Shannon,2.92405667157599
S26,151312,S26,S26,Shannon,2.92433107103766
S26,154400,S26,S26,Shannon,2.92432256870222
S26,154400,S26,S26,Shannon,2.92432256870222
S27,3088,S27,S27,Shannon,2.80543967709653
S27,6176,S27,S27,Shannon,2.80229532972345
S27,9264,S27,S27,Shannon,2.82461337318113
S27,12352,S27,S27,Shannon,2.82986863551477
S27,15440,S27,S27,Shannon,2.83526322721914
S27,18528,S27,S27,Shannon,2.8421987267618
S27,21616,S27,S27,Shannon,2.83950311605248
S27,24704,S27,S27,Shannon,2.84087422520604
S27,27792,S27,S27,Shannon,2.84092395300652
S27,30880,S27,S27,Shannon,2.83228018041003
S27,33968,S27,S27,Shannon,2.82948343662391
S27,37056,S27,S27,Shannon,2.82959548310905
S27,40144,S27,S27,Shannon,2.82759393719558
S27,43232,S27,S27,Shannon,2.82659066667467
S27,46320,S27,S27,Shannon,2.82615275307257
S27,49408,S27,S27,Shannon,2.82617250142299
S27,52496,S27,S27,Shannon,2.82450104773968
S27,55584,S27,S27,Shannon,2.8273740058983
S27,58672,S27,S27,Shannon,2.82846362542287
S27,61760,S27,S27,Shannon,2.83094718610947
S27,64848,S27,S27,Shannon,2.83089809694682
S27,67936,S27,S27,Shannon,2.82971079774739
S27,71024,S27,S27,Shannon,2.82851824904556
S27,74112,S27,S27,Shannon,2.83114039714861
S27,77200,S27,S27,Shannon,2.82954815551622
S27,80288,S27,S27,Shannon,2.82851420187642
S27,83376,S27,S27,Shannon,2.82841800960701
S27,86464,S27,S27,Shannon,2.82916281172896
S27,89552,S27,S27,Shannon,2.82979184570593
S27,92640,S27,S27,Shannon,2.8295544352578
S27,95728,S27,S27,Shannon,2.8294818495625
S27,98816,S27,S27,Shannon,2.82949060008551
S27,101904,S27,S27,Shannon,2.82964822373684
S27,104992,S27,S27,Shannon,2.82833608673484
S27,108080,S27,S27,Shannon,2.82783900541988
S27,111168,S27,S27,Shannon,2.82724895968724
S27,114256,S27,S27,Shannon,2.82766578966515
S27,117344,S27,S27,Shannon,2.8278292055313
S27,120432,S27,S27,Shannon,2.82780575220129
S27,123520,S27,S27,Shannon,2.82798889816323
S27,126608,S27,S27,Shannon,2.82769689229254
S27,129696,S27,S27,Shannon,2.82686387956496
S27,132784,S27,S27,Shannon,2.82756465145316
S27,135872,S27,S27,Shannon,2.8285044373431
S27,138960,S27,S27,Shannon,2.82868779721121
S27,142048,S27,S27,Shannon,2.82802075106029
S27,145136,S27,S27,Shannon,2.82818996957764
S27,148224,S27,S27,Shannon,2.82836767184584
S27,151312,S27,S27,Shannon,2.82865460400942
S27,154400,S27,S27,Shannon,2.82854448456324
S27,154400,S27,S27,Shannon,2.82854448456324
S28,3088,S28,S28,Shannon,2.62969534958484
S28,6176,S28,S28,Shannon,2.62146859288814
S28,9264,S28,S28,Shannon,2.63519610369794
S28,12352,S28,S28,Shannon,2.63766637401721
S28,15440,S28,S28,Shannon,2.6415439506852
S28,18528,S28,S28,Shannon,2.64730416957075
S28,21616,S28,S28,Shannon,2.64409603398094
S28,24704,S28,S28,Shannon,2.64518484046461
S28,27792,S28,S28,Shannon,2.64467221552303
S28,30880,S28,S28,Shannon,2.63722720473371
S28,33968,S28,S28,Shannon,2.63446886501269
S28,37056,S28,S28,Shannon,2.63432429916711
S28,40144,S28,S28,Shannon,2.63286079057711
S28,43232,S28,S28,Shannon,2.63197553453963
S28,46320,S28,S28,Shannon,2.63154899290943
S28,49408,S28,S28,Shannon,2.63162616097121
S28,52496,S28,S28,Shannon,2.63001494141734
S28,55584,S28,S28,Shannon,2.632547268984
S28,58672,S28,S28,Shannon,2.63349994513811
S28,61760,S28,S28,Shannon,2.63577592969899
S28,64848,S28,S28,Shannon,2.63559389178596
S28,67936,S28,S28,Shannon,2.6348431643803
S28,71024,S28,S28,Shannon,2.63406723435951
S28,74112,S28,S28,Shannon,2.63618725224565
S28,77200,S28,S28,Shannon,2.63478547700599
S28,80288,S28,S28,Shannon,2.63375741496072
S28,83376,S28,S28,Shannon,2.63389984534749
S28,86464,S28,S28,Shannon,2.63446006376221
S28,89552,S28,S28,Shannon,2.63514332585455
S28,92640,S28,S28,Shannon,2.63500660151678
S28,95728,S28,S28,Shannon,2.63504078097371
S28,98816,S28,S28,Shannon,2.63507582670073
S28,101904,S28,S28,Shannon,2.63520929790954
S28,104992,S28,S28,Shannon,2.63381161442514
S28,108080,S28,S28,Shannon,2.63326049350036
S28,111168,S28,S28,Shannon,2.63251637009896
S28,114256,S28,S28,Shannon,2.63288473758399
S28,117344,S28,S28,Shannon,2.63284508009667
S28,120432,S28,S28,Shannon,2.63270036502344
S28,123520,S28,S28,Shannon,2.6328274387003
S28,126608,S28,S28,Shannon,2.63242111835525
S28,129696,S28,S28,Shannon,2.63188438683436
S28,132784,S28,S28,Shannon,2.63223309525113
S28,135872,S28,S28,Shannon,2.6330120828518
S28,138960,S28,S28,Shannon,2.63326250993745
S28,142048,S28,S28,Shannon,2.63272129408971
S28,145136,S28,S28,Shannon,2.63298438912838
S28,148224,S28,S28,Shannon,2.63325402877165
S28,151312,S28,S28,Shannon,2.633488590925
S28,154400,S28,S28,Shannon,2.63339732102111
S28,154400,S28,S28,Shannon,2.63339732102111
S29,3088,S29,S29,Shannon,2.65534002580252
S29,6176,S29,S29,Shannon,2.65094764516354
S29,9264,S29,S29,Shannon,2.66817480907465
S29,12352,S29,S29,Shannon,2.67282451839518
S29,15440,S29,S29,Shannon,2.67816228081233
S29,18528,S29,S29,Shannon,2.68364284042214
S29,21616,S29,S29,Shannon,2.68113752058512
S29,24704,S29,S29,Shannon,2.6819811813012
S29,27792,S29,S29,Shannon,2.68169844128969
S29,30880,S29,S29,Shannon,2.67404300267733
S29,33968,S29,S29,Shannon,2.67080270359265
S29,37056,S29,S29,Shannon,2.67096458616081
S29,40144,S29,S29,Shannon,2.6689604554599
S29,43232,S29,S29,Shannon,2.6680768240914
S29,46320,S29,S29,Shannon,2.66789811088305
S29,49408,S29,S29,Shannon,2.66816101954745
S29,52496,S29,S29,Shannon,2.66709614446453
S29,55584,S29,S29,Shannon,2.66975409688963
S29,58672,S29,S29,Shannon,2.67044454573243
S29,61760,S29,S29,Shannon,2.67268871913492
S29,64848,S29,S29,Shannon,2.67265090879604
S29,67936,S29,S29,Shannon,2.67154118917296
S29,71024,S29,S29,Shannon,2.6705327959021
S29,74112,S29,S29,Shannon,2.6725620973303
S29,77200,S29,S29,Shannon,2.67132085655843
S29,80288,S29,S29,Shannon,2.6701951044064
S29,83376,S29,S29,Shannon,2.67014213631419
S29,86464,S29,S29,Shannon,2.67058084177585
S29,89552,S29,S29,Shannon,2.67134535302803
S29,92640,S29,S29,Shannon,2.67110521955866
S29,95728,S29,S29,Shannon,2.67084189902474
S29,98816,S29,S29,Shannon,2.67088165786621
S29,101904,S29,S29,Shannon,2.67113709625526
S29,104992,S29,S29,Shannon,2.67011313703284
S29,108080,S29,S29,Shannon,2.66975518547748
S29,111168,S29,S29,Shannon,2.66922914960663
S29,114256,S29,S29,Shannon,2.66953601389003
S29,117344,S29,S29,Shannon,2.66980578282867
S29,120432,S29,S29,Shannon,2.66969917370753
S29,123520,S29,S29,Shannon,2.66993327626665
S29,126608,S29,S29,Shannon,2.66956534617692
S29,129696,S29,S29,Shannon,2.66901473775384
S29,132784,S29,S29,Shannon,2.66969905412712
S29,135872,S29,S29,Shannon,2.67037959036114
S29,138960,S29,S29,Shannon,2.67057400672632
S29,142048,S29,S29,Shannon,2.67003510361971
S29,145136,S29,S29,Shannon,2.67040499696578
S29,148224,S29,S29,Shannon,2.67054789213121
S29,151312,S29,S29,Shannon,2.67083716087522
S29,154400,S29,S29,Shannon,2.67062904550216
S29,154400,S29,S29,Shannon,2.67062904550216
S37,3088,S37,S37,Shannon,2.47209716932695
S37,6176,S37,S37,Shannon,2.46848325037506
S37,9264,S37,S37,Shannon,2.4858347226821
S37,12352,S37,S37,Shannon,2.48913313242967
S37,15440,S37,S37,Shannon,2.49407058474729
S37,18528,S37,S37,Shannon,2.50075504405018
S37,21616,S37,S37,Shannon,2.49895171728223
S37,24704,S37,S37,Shannon,2.49933298051239
S37,27792,S37,S37,Shannon,2.50068567964293
S37,30880,S37,S37,Shannon,2.49443746988109
S37,33968,S37,S37,Shannon,2.49255913695378
S37,37056,S37,S37,Shannon,2.49254567254671
S37,40144,S37,S37,Shannon,2.49133358875921
S37,43232,S37,S37,Shannon,2.49016277594978
S37,46320,S37,S37,Shannon,2.49011433850826
S37,49408,S37,S37,Shannon,2.48999512845394
S37,52496,S37,S37,Shannon,2.48895030396118
S37,55584,S37,S37,Shannon,2.49117359430449
S37,58672,S37,S37,Shannon,2.49181203678593
S37,61760,S37,S37,Shannon,2.49400025081192
S37,64848,S37,S37,Shannon,2.49397983732626
S37,67936,S37,S37,Shannon,2.4930290081729
S37,71024,S37,S37,Shannon,2.49186585529268
S37,74112,S37,S37,Shannon,2.49373764296954
S37,77200,S37,S37,Shannon,2.49240672817636
S37,80288,S37,S37,Shannon,2.49172811171155
S37,83376,S37,S37,Shannon,2.49183595464842
S37,86464,S37,S37,Shannon,2.49233961331112
S37,89552,S37,S37,Shannon,2.49263860139515
S37,92640,S37,S37,Shannon,2.4921267716602
S37,95728,S37,S37,Shannon,2.49207984319434
S37,98816,S37,S37,Shannon,2.49215661645312
S37,101904,S37,S37,Shannon,2.49229626161792
S37,104992,S37,S37,Shannon,2.49095617064038
S37,108080,S37,S37,Shannon,2.49061254324366
S37,111168,S37,S37,Shannon,2.48997285120709
S37,114256,S37,S37,Shannon,2.49036604448894
S37,117344,S37,S37,Shannon,2.49045703151649
S37,120432,S37,S37,Shannon,2.49027832778693
S37,123520,S37,S37,Shannon,2.49040619970087
S37,126608,S37,S37,Shannon,2.48992142873625
S37,129696,S37,S37,Shannon,2.48930301653203
S37,132784,S37,S37,Shannon,2.48976678064902
S37,135872,S37,S37,Shannon,2.49031626584428
S37,138960,S37,S37,Shannon,2.49037385421864
S37,142048,S37,S37,Shannon,2.48979929552417
S37,145136,S37,S37,Shannon,2.48993037035942
S37,148224,S37,S37,Shannon,2.49012355660951
S37,151312,S37,S37,Shannon,2.49038481918106
S37,154400,S37,S37,Shannon,2.49033820806035
S37,154400,S37,S37,Shannon,2.49033820806035
S38,3088,S38,S38,Shannon,2.90647004942289
S38,6176,S38,S38,Shannon,2.90110738489994
S38,9264,S38,S38,Shannon,2.91627761534796
S38,12352,S38,S38,Shannon,2.9215667114573
S38,15440,S38,S38,Shannon,2.9265699422478
S38,18528,S38,S38,Shannon,2.93173363111416
S38,21616,S38,S38,Shannon,2.92881644932574
S38,24704,S38,S38,Shannon,2.92942464951584
S38,27792,S38,S38,Shannon,2.92923250849399
S38,30880,S38,S38,Shannon,2.9214867073584
S38,33968,S38,S38,Shannon,2.91880923454545
S38,37056,S38,S38,Shannon,2.91881481506692
S38,40144,S38,S38,Shannon,2.91729722878698
S38,43232,S38,S38,Shannon,2.91626514553202
S38,46320,S38,S38,Shannon,2.91611690526023
S38,49408,S38,S38,Shannon,2.91591252592618
S38,52496,S38,S38,Shannon,2.91483174487747
S38,55584,S38,S38,Shannon,2.9169029530578
S38,58672,S38,S38,Shannon,2.91779782159251
S38,61760,S38,S38,Shannon,2.92015453842435
S38,64848,S38,S38,Shannon,2.91990310127636
S38,67936,S38,S38,Shannon,2.9191968261815
S38,71024,S38,S38,Shannon,2.91802141370083
S38,74112,S38,S38,Shannon,2.92074570835948
S38,77200,S38,S38,Shannon,2.91934619502781
S38,80288,S38,S38,Shannon,2.91832098107683
S38,83376,S38,S38,Shannon,2.91835057399748
S38,86464,S38,S38,Shannon,2.91898418990791
S38,89552,S38,S38,Shannon,2.91945031721546
S38,92640,S38,S38,Shannon,2.91901300378001
S38,95728,S38,S38,Shannon,2.91882314786551
S38,98816,S38,S38,Shannon,2.91872698945433
S38,101904,S38,S38,Shannon,2.91878262553114
S38,104992,S38,S38,Shannon,2.91738632064465
S38,108080,S38,S38,Shannon,2.9168691194588
S38,111168,S38,S38,Shannon,2.91623707061383
S38,114256,S38,S38,Shannon,2.91669737281398
S38,117344,S38,S38,Shannon,2.91684060868495
S38,120432,S38,S38,Shannon,2.91660494545729
S38,123520,S38,S38,Shannon,2.91672101993244
S38,126608,S38,S38,Shannon,2.91632421451325
S38,129696,S38,S38,Shannon,2.91550213463562
S38,132784,S38,S38,Shannon,2.91585180445916
S38,135872,S38,S38,Shannon,2.91667372965132
S38,138960,S38,S38,Shannon,2.91701889002756
S38,142048,S38,S38,Shannon,2.91637076624122
S38,145136,S38,S38,Shannon,2.9166173948074
S38,148224,S38,S38,Shannon,2.91706755705092
S38,151312,S38,S38,Shannon,2.9174087457872
S38,154400,S38,S38,Shannon,2.91746181572658
S38,154400,S38,S38,Shannon,2.91746181572658
S39,3088,S39,S39,Shannon,2.60041297068361
S39,6176,S39,S39,Shannon,2.59277859728301
S39,9264,S39,S39,Shannon,2.60084116233217
S39,12352,S39,S39,Shannon,2.59844357524667
S39,15440,S39,S39,Shannon,2.59796143586263
S39,18528,S39,S39,Shannon,2.60545998484531
S39,21616,S39,S39,Shannon,2.60396605151847
S39,24704,S39,S39,Shannon,2.60061121674245
S39,27792,S39,S39,Shannon,2.59919704070014
S39,30880,S39,S39,Shannon,2.60025420254112
S39,33968,S39,S39,Shannon,2.60289022804524
S39,37056,S39,S39,Shannon,2.60256616462754
S39,40144,S39,S39,Shannon,2.60051791232969
S39,43232,S39,S39,Shannon,2.60040461356089
S39,46320,S39,S39,Shannon,2.60093701585418
S39,49408,S39,S39,Shannon,2.59858669057022
S39,52496,S39,S39,Shannon,2.60103597081523
S39,55584,S39,S39,Shannon,2.60147300740596
S39,58672,S39,S39,Shannon,2.60085055123555
S39,61760,S39,S39,Shannon,2.60037214177956
S39,64848,S39,S39,Shannon,2.59778188868052
S39,67936,S39,S39,Shannon,2.59642460404995
S39,71024,S39,S39,Shannon,2.59481922283809
S39,74112,S39,S39,Shannon,2.59544905062846
S39,77200,S39,S39,Shannon,2.59603692670256
S39,80288,S39,S39,Shannon,2.59611180958798
S39,83376,S39,S39,Shannon,2.59569134111502
S39,86464,S39,S39,Shannon,2.59523875213976
S39,89552,S39,S39,Shannon,2.59434722045636
S39,92640,S39,S39,Shannon,2.59346615925006
S39,95728,S39,S39,Shannon,2.59329608885835
S39,98816,S39,S39,Shannon,2.59265767187411
S39,101904,S39,S39,Shannon,2.59300450320621
S39,104992,S39,S39,Shannon,2.59346598011449
S39,108080,S39,S39,Shannon,2.59397054421862
S39,111168,S39,S39,Shannon,2.59423776468874
S39,114256,S39,S39,Shannon,2.59505179380062
S39,117344,S39,S39,Shannon,2.59609083011257
S39,120432,S39,S39,Shannon,2.59646948060719
S39,123520,S39,S39,Shannon,2.59658434150728
S39,126608,S39,S39,Shannon,2.59582014208371
S39,129696,S39,S39,Shannon,2.59606125974227
S39,132784,S39,S39,Shannon,2.59533600875243
S39,135872,S39,S39,Shannon,2.5959096097405
S39,138960,S39,S39,Shannon,2.59610190544589
S39,142048,S39,S39,Shannon,2.59578190961842
S39,145136,S39,S39,Shannon,2.59548954062611
S39,148224,S39,S39,Shannon,2.59535863663157
S39,151312,S39,S39,Shannon,2.5961022644238
S39,154400,S39,S39,Shannon,2.59661093270802
S39,154400,S39,S39,Shannon,2.59661093270802
S40,3088,S40,S40,Shannon,2.89718435045353
S40,6176,S40,S40,Shannon,2.89110685177999
S40,9264,S40,S40,Shannon,2.90697158395602
S40,12352,S40,S40,Shannon,2.91296291449869
S40,15440,S40,S40,Shannon,2.91855199487956
S40,18528,S40,S40,Shannon,2.92485244891326
S40,21616,S40,S40,Shannon,2.92152642138176
S40,24704,S40,S40,Shannon,2.9222566698777
S40,27792,S40,S40,Shannon,2.92258452928974
S40,30880,S40,S40,Shannon,2.91426786156577
S40,33968,S40,S40,Shannon,2.91176083714095
S40,37056,S40,S40,Shannon,2.91159025259768
S40,40144,S40,S40,Shannon,2.90998090617619
S40,43232,S40,S40,Shannon,2.90881313020474
S40,46320,S40,S40,Shannon,2.90856627269643
S40,49408,S40,S40,Shannon,2.90838776276101
S40,52496,S40,S40,Shannon,2.90742530159391
S40,55584,S40,S40,Shannon,2.90943486928287
S40,58672,S40,S40,Shannon,2.91044562852847
S40,61760,S40,S40,Shannon,2.9126595884734
S40,64848,S40,S40,Shannon,2.91215335654859
S40,67936,S40,S40,Shannon,2.91109585857903
S40,71024,S40,S40,Shannon,2.90969341710457
S40,74112,S40,S40,Shannon,2.91241265487325
S40,77200,S40,S40,Shannon,2.91089802828711
S40,80288,S40,S40,Shannon,2.91007190810568
S40,83376,S40,S40,Shannon,2.91008632395839
S40,86464,S40,S40,Shannon,2.91063775445116
S40,89552,S40,S40,Shannon,2.91077052431507
S40,92640,S40,S40,Shannon,2.91002211969609
S40,95728,S40,S40,Shannon,2.90984907856645
S40,98816,S40,S40,Shannon,2.90970601663298
S40,101904,S40,S40,Shannon,2.90976057032613
S40,104992,S40,S40,Shannon,2.90828134627028
S40,108080,S40,S40,Shannon,2.908013503026
S40,111168,S40,S40,Shannon,2.90741905009828
S40,114256,S40,S40,Shannon,2.90787759468402
S40,117344,S40,S40,Shannon,2.90819090911182
S40,120432,S40,S40,Shannon,2.9080210477665
S40,123520,S40,S40,Shannon,2.90818403798376
S40,126608,S40,S40,Shannon,2.9076309226222
S40,129696,S40,S40,Shannon,2.90671518159377
S40,132784,S40,S40,Shannon,2.90716737089709
S40,135872,S40,S40,Shannon,2.90793871494112
S40,138960,S40,S40,Shannon,2.90829063734868
S40,142048,S40,S40,Shannon,2.9075835824998
S40,145136,S40,S40,Shannon,2.90766437744066
S40,148224,S40,S40,Shannon,2.90806318843238
S40,151312,S40,S40,Shannon,2.9084699857887
S40,154400,S40,S40,Shannon,2.90860375544105
S40,154400,S40,S40,Shannon,2.90860375544105
S41,3088,S41,S41,Shannon,2.66082714829199
S41,6176,S41,S41,Shannon,2.65492906589416
S41,9264,S41,S41,Shannon,2.66944053598097
S41,12352,S41,S41,Shannon,2.6724132054381
S41,15440,S41,S41,Shannon,2.6777917476904
S41,18528,S41,S41,Shannon,2.68314193939888
S41,21616,S41,S41,Shannon,2.68060353251222
S41,24704,S41,S41,Shannon,2.68121996577624
S41,27792,S41,S41,Shannon,2.6811823026767
S41,30880,S41,S41,Shannon,2.67421319835877
S41,33968,S41,S41,Shannon,2.67201209150453
S41,37056,S41,S41,Shannon,2.67204224659533
S41,40144,S41,S41,Shannon,2.67022064011563
S41,43232,S41,S41,Shannon,2.66926484728256
S41,46320,S41,S41,Shannon,2.66882955549019
S41,49408,S41,S41,Shannon,2.66854814277163
S41,52496,S41,S41,Shannon,2.66736406433067
S41,55584,S41,S41,Shannon,2.66969046603371
S41,58672,S41,S41,Shannon,2.67071498039429
S41,61760,S41,S41,Shannon,2.67277514670781
S41,64848,S41,S41,Shannon,2.67266710005757
S41,67936,S41,S41,Shannon,2.67164875974042
S41,71024,S41,S41,Shannon,2.67043338099344
S41,74112,S41,S41,Shannon,2.67261756723318
S41,77200,S41,S41,Shannon,2.6713946701593
S41,80288,S41,S41,Shannon,2.67052918691648
S41,83376,S41,S41,Shannon,2.67044994923254
S41,86464,S41,S41,Shannon,2.67090241409412
S41,89552,S41,S41,Shannon,2.67116488641078
S41,92640,S41,S41,Shannon,2.67075900194865
S41,95728,S41,S41,Shannon,2.67064537944382
S41,98816,S41,S41,Shannon,2.67058112950734
S41,101904,S41,S41,Shannon,2.67068269857112
S41,104992,S41,S41,Shannon,2.66948507021594
S41,108080,S41,S41,Shannon,2.66921448129466
S41,111168,S41,S41,Shannon,2.6686593701963
S41,114256,S41,S41,Shannon,2.66901829451429
S41,117344,S41,S41,Shannon,2.66920098823003
S41,120432,S41,S41,Shannon,2.66914827331722
S41,123520,S41,S41,Shannon,2.66933041372781
S41,126608,S41,S41,Shannon,2.66904246707085
S41,129696,S41,S41,Shannon,2.66818716037908
S41,132784,S41,S41,Shannon,2.66865772399033
S41,135872,S41,S41,Shannon,2.66937474676442
S41,138960,S41,S41,Shannon,2.66954581100224
S41,142048,S41,S41,Shannon,2.66898440711397
S41,145136,S41,S41,Shannon,2.66914188960622
S41,148224,S41,S41,Shannon,2.66933971365399
S41,151312,S41,S41,Shannon,2.66956822375597
S41,154400,S41,S41,Shannon,2.66953890679654
S41,154400,S41,S41,Shannon,2.66953890679654
S42,3088,S42,S42,Shannon,2.7044816677697
S42,6176,S42,S42,Shannon,2.69674215150142
S42,9264,S42,S42,Shannon,2.71086793647398
S42,12352,S42,S42,Shannon,2.71536003545291
S42,15440,S42,S42,Shannon,2.72043192234759
S42,18528,S42,S42,Shannon,2.72601584379642
S42,21616,S42,S42,Shannon,2.72322307342317
S42,24704,S42,S42,Shannon,2.72455047276834
S42,27792,S42,S42,Shannon,2.72415126164983
S42,30880,S42,S42,Shannon,2.71599383189633
S42,33968,S42,S42,Shannon,2.71337304764141
S42,37056,S42,S42,Shannon,2.71333910764354
S42,40144,S42,S42,Shannon,2.71192191849057
S42,43232,S42,S42,Shannon,2.71094321411227
S42,46320,S42,S42,Shannon,2.710643964201
S42,49408,S42,S42,Shannon,2.71047999996303
S42,52496,S42,S42,Shannon,2.70964107582685
S42,55584,S42,S42,Shannon,2.71191229461133
S42,58672,S42,S42,Shannon,2.71265071057097
S42,61760,S42,S42,Shannon,2.71476781343407
S42,64848,S42,S42,Shannon,2.71437289385677
S42,67936,S42,S42,Shannon,2.71301174382859
S42,71024,S42,S42,Shannon,2.71181118248691
S42,74112,S42,S42,Shannon,2.71412706246713
S42,77200,S42,S42,Shannon,2.71264852243884
S42,80288,S42,S42,Shannon,2.71161765470714
S42,83376,S42,S42,Shannon,2.71167673048251
S42,86464,S42,S42,Shannon,2.71220442963262
S42,89552,S42,S42,Shannon,2.71258054515878
S42,92640,S42,S42,Shannon,2.71196436984365
S42,95728,S42,S42,Shannon,2.71166442375445
S42,98816,S42,S42,Shannon,2.71162589819455
S42,101904,S42,S42,Shannon,2.71160929855259
S42,104992,S42,S42,Shannon,2.71024723254992
S42,108080,S42,S42,Shannon,2.71004699307149
S42,111168,S42,S42,Shannon,2.70953173307901
S42,114256,S42,S42,Shannon,2.70995213075557
S42,117344,S42,S42,Shannon,2.71025106027013
S42,120432,S42,S42,Shannon,2.70996025517691
S42,123520,S42,S42,Shannon,2.71016624921332
S42,126608,S42,S42,Shannon,2.7096641611634
S42,129696,S42,S42,Shannon,2.70899396451843
S42,132784,S42,S42,Shannon,2.7095656075335
S42,135872,S42,S42,Shannon,2.71027097069113
S42,138960,S42,S42,Shannon,2.71051092934094
S42,142048,S42,S42,Shannon,2.70993870310484
S42,145136,S42,S42,Shannon,2.7101658751575
S42,148224,S42,S42,Shannon,2.71050784112857
S42,151312,S42,S42,Shannon,2.71076527828117
S42,154400,S42,S42,Shannon,2.71070148356065
S42,154400,S42,S42,Shannon,2.71070148356065
S43,3088,S43,S43,Shannon,2.80862888182004
S43,6176,S43,S43,Shannon,2.80391581398047
S43,9264,S43,S43,Shannon,2.81946915653578
S43,12352,S43,S43,Shannon,2.82446843051461
S43,15440,S43,S43,Shannon,2.82965574348362
S43,18528,S43,S43,Shannon,2.83610533361691
S43,21616,S43,S43,Shannon,2.83372993350709
S43,24704,S43,S43,Shannon,2.83455750051406
S43,27792,S43,S43,Shannon,2.83535438768697
S43,30880,S43,S43,Shannon,2.82789903361635
S43,33968,S43,S43,Shannon,2.8256546852287
S43,37056,S43,S43,Shannon,2.82572699306915
S43,40144,S43,S43,Shannon,2.8243497629298
S43,43232,S43,S43,Shannon,2.82328319862011
S43,46320,S43,S43,Shannon,2.82319041146055
S43,49408,S43,S43,Shannon,2.82302668333926
S43,52496,S43,S43,Shannon,2.82225250510433
S43,55584,S43,S43,Shannon,2.82453894844756
S43,58672,S43,S43,Shannon,2.82543419192886
S43,61760,S43,S43,Shannon,2.82757008646332
S43,64848,S43,S43,Shannon,2.82721135752622
S43,67936,S43,S43,Shannon,2.82609807405551
S43,71024,S43,S43,Shannon,2.82471412546634
S43,74112,S43,S43,Shannon,2.82685690677253
S43,77200,S43,S43,Shannon,2.82549449390843
S43,80288,S43,S43,Shannon,2.82480099695292
S43,83376,S43,S43,Shannon,2.8248325781411
S43,86464,S43,S43,Shannon,2.82539310493245
S43,89552,S43,S43,Shannon,2.82570107892781
S43,92640,S43,S43,Shannon,2.82498898010278
S43,95728,S43,S43,Shannon,2.82493128592258
S43,98816,S43,S43,Shannon,2.82490464705753
S43,101904,S43,S43,Shannon,2.82496558235243
S43,104992,S43,S43,Shannon,2.82364230279223
S43,108080,S43,S43,Shannon,2.82339516929831
S43,111168,S43,S43,Shannon,2.82276397425086
S43,114256,S43,S43,Shannon,2.82316767453192
S43,117344,S43,S43,Shannon,2.82344801152862
S43,120432,S43,S43,Shannon,2.82332250498103
S43,123520,S43,S43,Shannon,2.82345436044178
S43,126608,S43,S43,Shannon,2.8231205019676
S43,129696,S43,S43,Shannon,2.82228180855112
S43,132784,S43,S43,Shannon,2.82270301891017
S43,135872,S43,S43,Shannon,2.82345702947849
S43,138960,S43,S43,Shannon,2.8236029696847
S43,142048,S43,S43,Shannon,2.82292587380649
S43,145136,S43,S43,Shannon,2.82302752905631
S43,148224,S43,S43,Shannon,2.82331518129083
S43,151312,S43,S43,Shannon,2.82365155569183
S43,154400,S43,S43,Shannon,2.82366716912244
S43,154400,S43,S43,Shannon,2.82366716912244
